Specific-Bean-Origin-or-Bar-Name,Broad-Bean-Origin,Cocoa-Percent,Bean-Type
Agua Grande,Sao Tome,63%, 
Kpime,Togo,70%, 
Atsane,Togo,70%, 
Akata,Togo,70%, 
Quilla,Peru,70%, 
Carenero,Venezuela,70%,Criollo
Cuba,Cuba,70%, 
Sur del Lago,Venezuela,70%,Criollo
Puerto Cabello,Venezuela,70%,Criollo
Pablino,Peru,70%, 
Panama,Panama,70%, 
Madagascar,Madagascar,70%,Criollo
Brazil,Brazil,70%, 
Equateur,Ecuador,70%, 
Colombie,Colombia,70%, 
Birmanie,Burma,70%, 
Papua New Guinea,Papua New Guinea,70%, 
Chuao,Venezuela,70%,Trinitario
Piura,Peru,70%, 
Chanchamayo Province,Peru,70%, 
Chanchamayo Province,Peru,63%, 
Bolivia,Bolivia,70%, 
Peru,Peru,63%, 
"Chulucanas, El Platanal",Peru,70%, 
"Tumbes, Norandino",Peru,70%,Criollo
Vanua Levu,Fiji,60%,Trinitario
"Vanua Levu, Toto-A",Fiji,80%,Trinitario
Vanua Levu,Fiji,88%,Trinitario
"Vanua Levu, Ami-Ami-CA",Fiji,72%,Trinitario
"Los Rios, Quevedo, Arriba",Ecuador,55%,Forastero (Arriba)
"Los Rios, Quevedo, Arriba",Ecuador,70%,Forastero (Arriba)
Tabasco,Mexico,70%,Criollo
"Bali (west), Sukrama Family, Melaya area",Indonesia,75%,Trinitario
"Madagascar, Ambolikapiky P.",Madagascar,75%,Criollo
"Monte Alegre, D. Badero",Brazil,75%,Forastero
Trinite,Trinidad,65%,Trinitario
Vietnam,Vietnam,75%,Trinitario
Madagascar,Madagascar,75%,Trinitario
Chuao,Venezuela,75%,Trinitario
"Piura, Perou",Peru,75%, 
"Winak Coop, Napo",Ecuador,70%,Forastero (Nacional)
"La Dalia, Matagalpa",Nicaragua,70%,"Criollo, Trinitario"
Tien Giang,Vietnam,70%,Trinitario
"Makwale Village, Kyela",Tanzania,70%,Forastero
Momotombo,Nicaragua,60%, 
Acopagro,Peru,60%, 
CIAAB Coop,Bolivia,60%, 
Villa Andina,Peru,60%, 
Gruppo Salinas,Ecuador,60%, 
Sur del Lago,Venezuela,60%, 
Conacado,Dominican Republic,60%,Trinitario
Bolivia,Bolivia,80%, 
Bolivia,Bolivia,60%, 
Peru,Peru,60%, 
Morobe,Papua New Guinea,70%, 
Dos Rios,Dominican Republic,70%, 
Guayas,Ecuador,70%, 
Chuao,Venezuela,70%,Trinitario
Montanya,Venezuela,70%, 
"Bali, Jembrana",Indonesia,70%, 
Madagascar,Madagascar,70%,Trinitario
Cuyagua,Venezuela,70%, 
Ocumare,Venezuela,70%,Criollo
Ghana,Ghana,70%,Forastero
Ecuador,Ecuador,70%, 
Ecuador,Ecuador,85%, 
Ghana,Ghana,85%,Forastero
"LamasdelChanka, San Martin, Oro Verde coop",Peru,72%, 
"Bellavista Gran Pajeten, San Martin",Peru,73%,Trinitario
Belize,Belize,64%,Trinitario
Madagascar,Madagascar,66%,Trinitario
Dominican Republic,Dominican Republic,75%, 
Papua New Guinea,Papua New Guinea,63%, 
Venezuela,Venezuela,70%, 
Peru,Peru,68%, 
"Piura, Blanco de Criollo",Peru,70%, 
Porcelana,Venezuela,70%,Criollo (Porcelana)
Nine, ,75%,Blend
Chuao,Venezuela,70%,Trinitario
Ecuador,Ecuador,70%,Trinitario
Jamaica,Jamaica,70%,Trinitario
Grenada,Grenada,70%,Trinitario
Venezuela,Venezuela,70%,Trinitario (85% Criollo)
Madagascar,Madagascar,70%,Trinitario (85% Criollo)
Trinidad,Trinidad,70%,Trinitario
Toscano Black, ,63%,Blend
Toscano Black, ,70%,Blend
Toscano Black, ,66%,Blend
Catongo,Brazil,75%,Forastero (Catongo)
"Monte Alegre, 3 diff. plantations",Brazil,85%,Forastero (Parazinho)
"Monte Alegre, 3 diff. plantations",Brazil,50%,Forastero (Parazinho)
"Monte Alegre, 3 diff. plantations",Brazil,75%,Forastero (Parazinho)
"Monte Alegre, 3 diff. plantations",Brazil,60%,Forastero (Parazinho)
Elvesia,Dominican Republic,75%, 
Alto Beni,Bolivia,75%, 
Madagascar,Madagascar,75%,Trinitario
Chiapas,Mexico,72%, 
Equateur,Ecuador,75%, 
Trincheras,Venezuela,75%, 
San Juan,Trinidad,70%,Trinitario
Kokoa Kamili,Tanzania,70%, 
Tien Giang,Vietnam,73%,Trinitario
Hacienda Victoria,Ecuador,70%, 
Costa Esmeraldas,Ecuador,70%, 
Lachua,Guatemala,70%, 
Rugoso,Nicaragua,70%, 
"La Masica, FHIA",Honduras,70%, 
"Coto Brus, Terciopelo",Costa Rica,70%, 
Phantom,Peru,70%,Forastero (Nacional)
Elvesia,Dominican Republic,70%, 
Matasawalevu,Fiji,70%, 
Lam Dong,Vietnam,73%, 
Fazenda Camboa,Brazil,70%, 
Nacional,Peru,68%,Forastero (Nacional)
"Puerto Quito, heirloom",Ecuador,70%,Forastero (Nacional)
Oko Caribe,Domincan Republic,70%, 
Maya Mountain,Belize,70%,Trinitario
Chuno,Nicaragua,70%,"Criollo, Trinitario"
Fazenda Camboa,Brazil,75%, 
Guatemala,Guatemala,70%, 
Camino Verde,Ecuador,75%, 
"Trinidad, Heritage, Limited ed.",Trinidad,72%,Trinitario
"Colombia, Casa Luker",Colombia,72%, 
Haiti,Haiti,72%, 
Panama,Panama,72%, 
Venezuela,Venezuela,100%, 
Jamaica,Jamaica,72%,Trinitario
Costa Rica,Costa Rica,72%, 
Ba Ria Vung Tau Province,Vietnam,72%,Trinitario
Bali,Indonesia,72%, 
"Ocumare, Venezuela",Venezuela,75%,"Criollo, Trinitario"
Java,Indonesia,72%,Trinitario
Brazil Rio Doce,Brazil,72%, 
Madagascar,Madagascar,80%,"Criollo, Trinitario"
Peru,Peru,75%,Criollo
Dominican Republic,Dominican Republic,72%,Trinitario
Congo,Congo,72%,Forastero
"Orinoqua Region, Arauca",Colombia,72%,Trinitario
Mababa,Tanzania,68%,Trinitario
"Tenende, Uwate",Tanzania,72%,Trinitario
Cortes,Honduras,70%,Trinitario
Davao,Philippines,77%,Trinitario
Xoconusco,Mexico,75%,Trinitario
San Jose del Tambo,Ecuador,70%,Forastero (Arriba)
Houseblend, ,80%, 
Papua New Guinea,Papua New Guinea,70%, 
Sambirano,Madagascar,70%,Trinitario
Bahia,Brazil,70%, 
Houseblend, ,70%,Blend
"Bambamarca, 2015",Peru,70%, 
"Huallabamba, 2015",Peru,70%, 
Bahia,Brazil,70%, 
Maranon Canyon,Peru,70%,Forastero (Nacional)
Duarte Province,Dominican Republic,70%, 
Chiapas,Mexico,70%, 
Sambirano,Madagascar,70%,Trinitario
single estate,Costa Rica,80%, 
"Dominican Republic, Batch 3",Domincan Republic,65%, 
Brazil,Brazil,70%, 
Ecuador,Ecuador,65%, 
"Asajaya E, NW Borneo, b. #132/4500",Malaysia,73%, 
"Serian E., NW Borneo, b. #134/3800",Malaysia,72%, 
"Brazil, Batch 20316",Brazil,80%, 
"Dominican Republic, Batch 31616",Domincan Republic,70%, 
"Ecuador, Batch 31516",Ecuador,70%, 
Ecuador,Ecuador,90%, 
Costa Rica,Costa Rica,64%, 
Papua New Guinea,Papua New Guinea,64%, 
Peru,Peru,64%, 
Ecuador,Ecuador,71%, 
"Kakao Kamili, Kilombero Valley",Tanzania,70%,"Criollo, Trinitario"
"Alto Beni, Palos Blanco",Bolivia,70%, 
"Oko Caribe, Duarte P.",Domincan Republic,70%, 
"Belize south, low fermentation",Belize,83%,Trinitario
Belize south,Belize,78%,Trinitario
Belize south,Belize,83%,Trinitario
Baracoa,Cuba,74%,Trinitario
Chuao,Venezuela,74%,Criollo
Cuyagua Village,Venezuela,74%,Criollo
Rio Peripa H.,Ecuador,73%,Trinitario
"Bali, Sukrama Bros. Farm, Melaya, 62hr C",Indonesia,72%,Trinitario
"Somia Plantation, Sambirano, 70hr C",Madagascar,72%,Trinitario
Nature, ,55%, 
Madagascar,Madagascar,64%,Trinitario
Maracaibo,Venezuela,88%,Criollo
"Indigena Amazonia, Grand Cru, Quizas",Venezuela,72%, 
Ecuador,Ecuador,72%, 
"Carenero S., Barlovento, Grand Cru",Venezuela,70%,Trinitario
"Porcelana, Premier Cru, Quizas No. 1",Venezuela,74%,Criollo (Porcelana)
"Java, Grand Cru",Indonesia,64%, 
"Ocumare, Premier Cru, Quizas No. 2",Venezuela,72%, 
"Nicaragua, American style",Nicaragua,76%, 
"San Andres, American style",Costa Rica,76%, 
"San Andres, silk",Costa Rica,78%, 
Belize,Belize,86%,Trinitario
Ghana,Ghana,72%,Forastero
"Bali, Singaraja",Indonesia,75%, 
2009 Hapa Nibby,"Dominican Rep., Bali",70%,Blend
"Bali, Singaraja",Indonesia,65%, 
"Sambirano, 2009",Madagascar,70%,Trinitario
"Ocumare, prototype",Venezuela,78%,Criollo
Puerto Plata,Dominican Republic,75%, 
Puerto Plata,Dominican Republic,65%, 
Sambirano,Madagascar,75%,Trinitario
Sambirano,Madagascar,65%,Trinitario
Sambirano,Madagascar,71%,Trinitario
Bocas del Toro,Panama,75%, 
Puerto Plata,Dominican Republic,68%, 
Ankasa,Ghana,70%,Forastero
La Red,Dominican Republic,70%, 
Carenero Superior,Venezuela,70%,Trinitario
Matiguas,Nicaragua,70%, 
Blue Mountain Region,Jamaica,70%,Trinitario
"Congo, Grand Cru",Congo,82%,Forastero
Organic Dark, ,72%, 
"Akesson's E., Sambirano V.",Madagascar,82%,Trinitario
Lachua,Guatemala,75%, 
Kokoa Kamili,Tanzania,75%, 
Zorzal Reserva,Dominican Republic,75%, 
Guatemala,Guatemala,70%, 
Madagascar,Madagascar,70%,Trinitario
Selva Maya,Mexico,75%, 
Kaori,Brazil,75%, 
"Los Colorados, Santo Domingo, Equateur",Dominican Republic,75%, 
Surfin,"Venez,Africa,Brasil,Peru,Mex",65%, 
Maragnam,Brazil,75%, 
Gabon,Gabon,75%, 
Cuba,Cuba,75%,Trinitario
"Cusco, Cacao Cusco",Peru,75%, 
Piura Blanco,Peru,75%,Forastero (Nacional)
Libanio,Brazil,75%, 
Haiti,Haiti,75%, 
"Madagascar, 100% criollo",Madagascar,75%,Criollo
Juliana,Brazil,75%, 
Jamaique,Jamaica,75%,Trinitario
Ivory Coast,Ivory Coast,75%, 
"Porcelana, Apotequil",Peru,75%,Criollo
"Porcelana, Tabasco, Marfil de Blanco",Mexico,75%,Criollo
"Xoconusco, cacao Real",Mexico,75%,Criollo
"Porcelana, Venezuela",Venezuela,75%,Criollo (Porcelana)
Equateur,Ecuador,75%,Forastero (Arriba)
Trinite,Carribean,75%,Trinitario
"Ocumare, Puerto Cabello",Venezuela,75%, 
"Maracaibo, El Rosario",Venezuela,75%,Criollo
Madagascar,Madagascar,75%,Trinitario
One Hundred, ,100%, 
Ceylan,Sri Lanka,75%, 
Chuao,Venezuela,75%,Trinitario
"El Oro, Hacienda de Oro",Ecuador,77%,Forastero (Arriba)
"El Oro, Hacienda de Oro",Ecuador,100%,Forastero (Arriba)
Maya Mountain,Belize,70%,Trinitario
Conacado,Dominican Republic,70%, 
"Guasare, Zulia Prov.",Venezuela,70%,Criollo
"O'payo, Waslala",Nicaragua,70%, 
Conacado,Dominican Republic,68%, 
Maya Mountain,Belize,70%,Trinitario
Chuao,Venezuela,70%,Trinitario
Cooproagro,Dominican Republic,72%,Trinitario
"Camino Verde, Guayas",Ecuador,70%, 
Ghana,Ghana,75%,Forastero
"Chuao, Mantuano blend",Venezuela,85%,Trinitario
Elvesia P.,Dominican Republic,60%, 
Elvesia P.,Dominican Republic,80%, 
"Alta Verapaz, 2014",Guatemala,70%, 
Ambolikapiky P.,Madagascar,80%, 
Maya Mountain,Belize,80%,Trinitario
Ambolikapkly P.,Madagascar,60%, 
Jamaica,Jamaica,70%,Trinitario
Somia Plantation,Madagascar,72%,Trinitario
Marabel Farms,Dominican Republic,70%, 
"Camino Verde, Balao, Guayas",Ecuador,72%, 
Gran Couva,Trinidad,68%,Trinitario
Ecuador,Ecuador,70%, 
Dominican Republic,Dominican Republic,68%, 
Trinidad,Trinidad,72%,Trinitario
Mindo,Ecuador,72%, 
Belize,Belize,72%,Trinitario
Blend, ,72%,Blend
"Ecuador, Bob Bar",Ecuador,60%, 
Puerto Rico,Puerto Rico,70%, 
Tumbes,Peru,75%,Criollo
"Dominican Republic, ""Love Bar""",Dominican Republic,75%, 
Dominican Republic w/ nibs,Dominican Republic,75%, 
Patanemo,Venezuela,75%, 
Grand 'Anse,Haiti,65%,"Trinitario, Criollo"
Santo Domingo,Dominican Republic,70%, 
Tanzania,Tanzania,75%, 
Venezuela,Venezuela,72%, 
Mexico,Mexico,66%, 
Chuao,Venezuela,77%,Trinitario
Rio Caribe,Venezuela,75%,Trinitario
Agua Fria; Sucre region,Venezuela,75%, 
Macuare; Miranda; Chloe formula,Venezuela,74%, 
"Chuao, Aragua region",Venezuela,75%,Trinitario
"Chuao, Aragua region",Venezuela,70%,Trinitario
Hacienda la Trinidad,Venezuela,74%, 
Macondo,Colombia,71%, 
Perla Negra,Colombia,74%, 
Arhuacos,Colombia,72%, 
Sierra Nevada,Colombia,64%, 
Tumaco,Colombia,70%, 
"Boyaca, Aprocampa Coop, Pauna",Colombia,69%, 
Arauca,Colombia,70%, 
"Jutiapa, lot 050916D",Honduras,70%,Trinitario
"Criollo, Dominican Republic",Dominican Republic,72%,Criollo
"Dominican Republicm, rustic",Dominican Republic,72%, 
Dominican Republic,Dominican Republic,66%, 
"Dominican Republic, rustic",Dominican Republic,65%, 
"Mahali, Kasai",Congo,70%,Criollo
Madagascar,Madagascar,71%,Trinitario
Ecuador,Ecuador,71%, 
Papua,Papua New Guinea,71%, 
Grenada,Grenada,71%,Trinitario
Venezuela,Venezuela,71%, 
Venezuela,Venezuela,77%, 
"Porcelana, Tabasco, La Joya",Mexico,70%,Criollo
"Xoconusco, Chiapas",Mexico,70%,Criollo
Madagascar,Madagascar,70%,Trinitario
Peru,Peru,70%, 
Vietnam,Vietnam,70%,Trinitario
Piura,Peru,70%, 
Amazonia,Ecuador,63%,Forastero (Arriba)
Esmeraldas,Ecuador,71%,Forastero (Arriba)
Bolivar,Ecuador,82%,Forastero (Arriba)
Pichincha,Ecuador,91%,Forastero (Arriba)
Grenade,Grenada,60%,Trinitario
Baking,Ecuador,70%, 
Cuba,Cuba,75%, 
Dominican Republic,Dominican Republic,72%, 
"Lago di Como, Blu", ,70%,Blend
Ecuador,Ecuador,100%, 
Venezuela,Venezuela,80%, 
Sao Tome,Sao Tome,78%,Forastero
Trinidad,Trinidad,70%,Trinitario
Porcelana,Venezuela,75%,Criollo
Tanzania,Tanzania,73%, 
"Porcelana, Batch 5163",Venezuela,70%,Criollo
Bolivia,Bolivia,75%, 
Brazil,Brazil,70%,Trinitario
Esmeraldas,Ecuador,77%,Forastero (Arriba)
Manabi,Ecuador,77%,Forastero (Arriba)
Los Rios,Ecuador,77%,Forastero (Arriba)
Manabi,Ecuador,55%,Forastero (Arriba)
Los Rios,Ecuador,55%,Forastero (Arriba)
Esmeraldas,Ecuador,55%,Forastero (Arriba)
"Saidor Estate, Madang P.",Papua New Guinea,70%,Trinitario
Kulili Estate,Papua New Guinea,70%, 
"Antigua, Special Reserve",Guatemala,72%, 
"Talamanca, Raul-Kekoldo community",Costa Rica,72%, 
Anselmo Paraiso Estate,Costa Rica,72%, 
Costa Rica,Costa Rica,72%,Forastero
Costa Rica,Costa Rica,80%,Forastero
Arauca,Colombia,65%,Trinitario
Tumaco,Colombia,65%,Trinitario
Cordoba,Colombia,65%,Trinitario
Huila,Colombia,65%,Trinitario
Cesar,Colombia,65%,CCN51
"Maya Mtn, Batch 454, Heirloom",Belize,72%,Trinitario
"the lost city, gracias a dias, batch 362",Honduras,72%,Trinitario
"Duarte, Batch 360",Domincan Republic,70%,"Criollo, Trinitario"
"Piaroa, Amazonas, Batch 350",Venezuela,72%, 
Sierra Nevada,Colombia,72%,"Criollo, Trinitario"
Arauca,Colombia,76%,"Criollo, Trinitario"
Elvesia P.,Dominican Republic,70%,Trinitario
Bolivia,Bolivia,70%,Trinitario
Conacado,Dominican Republic,73%,Trinitario
San Martin,Peru,70%,Criollo
"Guaniamo, Amazonas",Venezuela,70%, 
Nicaragua,Nicaragua,72%,Trinitario
Tumbes,Peru,70%,Criollo
Guaniamo,Venezuela,72%, 
Ecuador,Ecuador,70%, 
Peru,Peru,70%, 
Venezuela,Venezuela,70%, 
Bolivia,Bolivia,70%, 
Equateur,Ecuador,72%, 
Uganda,Uganda,70%,Forastero
Maya Mtn,Belize,70%, 
Arriba,Ecuador,55%,Forastero (Arriba)
Los Rios,Ecuador,75%,Forastero (Arriba)
la Amistad,Costa Rica,70%, 
Blend No. 1, ,70%, 
Ecuador,Ecuador,70%, 
Maya Mountain w/ nibs,Belize,75%,Trinitario
Maya Mountain,Belize,82%,Trinitario
"Mekong Delta, early 2014 Harvest",Vietnam,70%,Trinitario
"Tawau, Oct. 2015 Harvest",Malaysia,70%,Trinitario
Peru,Peru,65%,Criollo
Peru + nibs,Peru,65%,Criollo
Dominican Republic,Dominican Republic,80%, 
Madagascar,Madagascar,70%,Trinitario
Venezuela,Venezuela,68%, 
"Tumbes, ""Zarumilla""",Peru,90%, 
"Philly Blend, 5 plantations", ,80%, 
Wild Bolivian,Bolivia,70%, 
Uganda,Uganda,70%, 
Dominican Republic,Dominican Republic,60%, 
Dominican Republic,Dominican Republic,75%, 
Ocumare,Venezuela,80%,Criollo (Ocumare)
Ecuador,Ecuador,70%, 
Nicaragua,Nicaragua,80%, 
Peru,Peru,74%, 
Tres Hombres,Dominican Republic,75%,Trinitario
"Congo, Gorilla bar",Congo,68%,Forastero
"Peru, Awagum bar",Peru,80%,Criollo
Maranon,Peru,69%,Forastero (Nacional)
Carenero Superior,Venezuela,80%,Trinitario
Peru,Peru,70%,Forastero (Nacional)
Ecuador,Ecuador,82%,Forastero (Arriba)
Peru,Peru,68%,Criollo
Madagascar,Madagascar,72%,Criollo
Xoconusco,Mexico,70%,Criollo
Patanemo,Venezuela,77%,Criollo
"Chiapas, Lacandon Jungle, Oaxacom Mtn",Mexico,65%, 
Xoconusco,Mexico,71%,Criollo
Sambirano,Madagascar,71%,Trinitario
Kendari, ,60%, 
Tarakan, ,75%, 
Ocumare,Venezuela,71%,Criollo
"Bolivar, Guaranda",Ecuador,71%,Forastero (Arriba)
Guyave,Grenada,71%,Trinitario
Maragda, ,70%,Blend
Tabasco,Mexico,65%,Trinitario
Tabasco,Mexico,75%,Trinitario
Ocumare,Venezuela,80%,Criollo
"Porcelana, Tabasco",Mexico,70%,Criollo
Brazilian,Brazil,70%, 
Brazilian,Brazil,80%, 
Ocumare,Venezuela,70%,Criollo
Guadeloupe,Martinique,42%, 
"Chiapas, Lacandon Jungle, Oaxacom Mtn",Mexico,75%, 
"Maranon Canyon, Fortunato No. 4",Peru,68%,Forastero (Nacional)
Choroni,Venezuela,61%,Criollo
Chuao,Venezuela,77%,Trinitario
Terreiro Velho P.,Sao Tome & Principe,73.50%,Forastero
Terreiro Velho P. w/ sugar crystals,Sao Tome & Principe,80%,Forastero
Terreiro Velho P.,Sao Tome & Principe,75%,Forastero
Principe,Sao Tome & Principe,100%,Forastero
"Camino Verde P., Balao, Guayas, 2014",Ecuador,73%, 
Sambirano,Madagascar,75%,Trinitario
Sur del Lago,Venezuela,70%, 
Carenero Superior,Venezuela,80%,Trinitario
Moxos,Bolivia,72%, 
Ocumare,Venezuela,70%,Criollo
Esmeraldas,Ecuador,88%,Forastero (Nacional)
Camino Verde,Ecuador,76%, 
"Tien Giang, 2015, batch 10-2-16",Vietnam,78%,Trinitario
"Ecuador, Puristique",Ecuador,65%,Forastero (Nacional)
Ghana Puristique,Ghana,85%,Forastero
Ecuador Puristique,Ecuador,100%, 
Uba Budo,Sao Tome & Principe,72%,Forastero
Madagascar,Madagascar,70%,Trinitario
Grenada,Grenada,72%,Trinitario
Chuao,Venezuela,70%,Trinitario
"Los Rios, H. Iara",Ecuador,72%,Nacional
Trinidad,Trinidad,72%,Trinitario
Jamaica,Jamaica,72%,Trinitario
Ocumare 61,Venezuela,72%,Criollo (Ocumare 61)
"Porcelana, Apotequil",Peru,72%,Criollo
"Porcelana, Apotequil",Peru,62%,Criollo
Chuao 100hr,Venezuela,70%,"Criollo, Trinitario"
Chuao 70hr,Venezuela,70%,"Criollo, Trinitario"
"Porcelana, Tabasco, Mexico",Mexico,72%,Criollo
"Porcelana, Venezuela",Venezuela,72%,Criollo (Porcelana)
"Sambirano, Menava P.",Madagascar,72%,Trinitario
Sensations Intense, ,70%, 
New Ireland,Papua New Guinea,70%,Forastero
"Vanuatu, batch 2410",Vanuatu,83%,Trinitario
"Tanzania, batch a1",Tanzania,75%,Forastero
"Bahia, batch a1213",Brazil,65%,Trinitario
"Namau Village, N. Taileva P., batch a2812",Fiji,67%,Trinitario
Vanuatu,Vanuatu,64%,Trinitario
Djual Island,Papua New Guinea,75%,Forastero
"""heirloom"", Arriba Nacional",Ecuador,85%,Forastero (Nacional)
"""heirloom"", Arriba Nacional",Ecuador,73%,Forastero (Nacional)
Goodman Estate,Australia,70%, 
"Daintree Estates, N. Queensland",Australia,70%, 
"Dominican Republic, batch 7",Dominican Republic,72%, 
Robson Estate,Trinidad,70%,Trinitario
Los Rios,Ecuador,70%, 
Crayfish Bay aka Non Pariel Estate,Grenada,70%, 
O'Payo,Nicaragua,70%, 
"Zorzal Reserva, 2015 H., Kerchner", ,70%, 
"Maya Mtn., Break Bar- Snark",Belize,70%,Trinitario
Maya Mountain,Belize,70%,Trinitario
"Camino Verde P., Balao, Guayas, 2013",Ecuador,70%, 
Buto,Liberia,70%, 
"San Francisco de Macoris, Cibao region",Dominican Republic,70%, 
"Cumboto, farmer Jose Lugo",Venezuela,70%, 
Patanemo,Venezuela,70%, 
"Mantuano, 2012",Venezuela,70%, 
Papua New Guinea,Papua New Guinea,70%, 
Upala,Costa Rica,70%, 
Colombian,Colombia,70%, 
"Elvesia, 2011",Dominican Republic,70%, 
Dominican Republic,Dominican Republic,70%, 
Madagascar,Madagascar,70%,Trinitario
Tanzania,Tanzania,70%, 
Los Ujuxtes,Guatemala,82%, 
Chuao,Venezuela,75%,Trinitario
Los Ujuxtes,Guatemala,70%, 
Sambirano,Madagascar,70%,Trinitario
Las Acacias E.,Guatemala,70%,Criollo
"Oscuro, Finca Chimelb",Guatemala,70%, 
Los Ujuxtes,Guatemala,60%, 
Las Acacias E.,Guatemala,75%,Criollo
Las Acacias E.,Guatemala,60%,Criollo
"Venezuela, batch 122",Venezuela,72%, 
Vietnam,Vietnam,72%,Trinitario
"DUO, batch 002","Ecuador, Costa Rica",70%, 
Bolivia,Bolivia,75%, 
Madagascar,Madagascar,70%,Trinitario
Ocumare,Venezuela,70%, 
Tanzania,Tanzania,70%, 
Ecuador,Ecuador,70%, 
Ghana,Ghana,70%,Forastero
Rainforest,Dominican Republic,70%, 
Venezuela,Venezuela,70%, 
West Africa,West Africa,58%,Forastero
"Nativo, Varzea",Brazil,72%, 
"Selvagem, Jari",Brazil,65%, 
Bundibugyo District,Uganda,70%,Forastero
"Sambirano Valley, batch 2477",Madagascar,70%, 
Madagascar,Madagascar,66%,Trinitario
Costa Rica,Costa Rica,64%, 
Ecuador,Ecuador,71%, 
Ghana,Ghana,60%,Forastero
Papua New Guinea,Papua New Guinea,64%, 
Peru,Peru,64%, 
Papua New Guinea,Papua New Guinea,64%, 
Venezuela,Venezuela,66%, 
"Kilombero, batch 41",Tanzania,72%, 
Bolivian,Bolivia,80%, 
Costa Rica,Costa Rica,77%,Trinitario
Dominican Republic,Dominican Republic,77%, 
Lanquin Estate,Guatemala,70%, 
Tien Giang,Vietnam,78%,Trinitario
"Alto Beni, Wild Harvest, Limited Ed.",Bolivia,70%, 
Elvesia,Dominican Republic,74%, 
"Ecuador, Choc. Garage Exclusive",Ecuador,70%, 
Camino Verde,Ecuador,76%, 
Bolivia,Bolivia,75%, 
Belize,Belize,72%,Trinitario
Sambirano,Madagascar,80%,Trinitario
Sambirano,Madagascar,72%,Trinitario
Mantuano,Venezuela,75%,Criollo
La Red,Dominican Republic,74%, 
Ecuador,Ecuador,70%, 
Puerto Cabello,Venezuela,85%, 
"Panama, Raven",Panama,72%, 
"Puerto Cabello, Mantuano",Venezuela,72%,Trinitario
Johe,Nicaragua,72%,"Criollo, Trinitario"
"O'ahu, N. Shore, Waialua Estate",Hawaii,70%, 
Africa,West Africa,88%,Forastero
Noir, ,70%, 
Hacienda Victoria,Ecuador,70%, 
Ocumare 77,Venezuela,70%,Criollo (Ocumare 77)
"IL100, H. San Jose",Venezuela,100%,Criollo
Morogoro,Tanzania,70%, 
Guasare,Venezuela,70%,Criollo
"Canoabo, Hacienda San Jose",Venezuela,70%,Criollo
"Chuao, Hacienda San Jose",Venezuela,70%,Trinitario
"Carupano, H. San Jose",Venezuela,70%,Trinitario
Teyuna,Colombia,70%, 
Blend No. 1, ,78%,Blend
Ilblend, ,70%,Blend
Porcelana,Venezuela,70%,Criollo (Porcelana)
"Ocumare 61, Puertomar",Venezuela,75%,Criollo (Ocumare 61)
Granella,Venezuela,60%,Trinitario
Madagascar,Madagascar,70%,Trinitario
Madagared,Madagascar,70%,Criollo
"Java, Javablond",Indonesia,70%,Criollo
Ecuador,Ecuador,70%,Forastero (Arriba)
"Ocumare 67, Puertofino",Venezuela,70%,Criollo (Ocumare 67)
Sur del Lago Classificado,Venezuela,70%,Trinitario
Apurimac,Peru,70%,Trinitario
Carenero Superior,Venezuela,70%,Trinitario
Non Pariel Estate,Grenada,75%,Trinitario
"Rio Caribe, Batch 7",Venezuela,70%,Trinitario
"Colombia, Batch 9",Colombia,80%,"Criollo, Trinitario"
"Madagascar, Batch 8",Madagascar,77%,"Criollo, Trinitario"
"Rio Dulce, Xoco",Guatemala,70%,Criollo
"Chuno, Xoco",Nicaragua,70%,Criollo
"Rico Rugoso, Xoco",Nicaragua,76%,Criollo
Ocumare,Venezuela,72%, 
"Indio Rojo, Xoco",Honduras,72%,Criollo
Dominican Republic,Dominican Republic,65%, 
"Bocas del Toro, Tierra Oscura",Panama,72%, 
"Nicaliso, Xoco",Nicaragua,71%,Criollo
Ocumare,Venezuela,71%, 
Panama,Panama,70%, 
"Corazon del Ecuador, Calceta beans",Ecuador,72%, 
Star of Ecuador,Ecuador,70%, 
Star of Peru,Peru,70%, 
Dominican Republic,Dominican Republic,70%, 
Madagascar,Madagascar,82%,Trinitario
"Maranon, Joya Rara",Peru,70%,Forastero (Nacional)
"Rio Caribe, Tepui Treasure",Venezuela,70%,Trinitario
Taino Secret,Domincan Republic,70%, 
"Carenero, Empyrean Sabor",Venezuela,70%,Trinitario
Corona Arriba,Ecuador,70%, 
Peru,Peru,70%, 
Madagascar,Madagascar,70%,Trinitario
Dominican Republic,Dominican Republic,70%, 
Tumaco,Colombia,70%, 
Arauca,Colombia,70%, 
"Maranon, Good & Evil, w/ nibs",Peru,72%,Forastero (Nacional)
Porcelana,Venezuela,68%,Criollo
"Alto Beni, Covendo Region",Bolivia,75%, 
Alto Beni,Bolivia,71%, 
San Joaquin,Venezuela,70%, 
"Rio Caribe, Cariaco",Venezuela,60.50%,Trinitario
"Rio Caribe, Macuro",Venezuela,70%,Trinitario
"Carenero Superior, Apamate",Venezuela,74%,Criollo
"Carenero Superior, Bucare",Venezuela,58%,Criollo
"Carenero Superior, Mijao",Venezuela,61%,Criollo
"Carenero Superior, Gran Saman",Venezuela,70%,Criollo
Emerald Estate,St. Lucia,60%, 
Emerald Estate,St. Lucia,70%, 
Patanemo,Venezuela,79%, 
Peru,Peru,78%,Criollo
"Wampusirpi, batch 007",Honduras,75%, 
Terreiro Velho P.,Sao Tome & Principe,80%,Forastero
Ben Tre,Vietnam,70%,Trinitario
Ham Luong,Vietnam,80%,Trinitario
Ba Lai,Vietnam,74%,Trinitario
Rio Caribe,Venezuela,70%,Trinitario
Guapiles,Costa Rica,65%, 
Carenero Superior,Venezuela,81%,Criollo
"Carenero, Guapiles, Ocumare blend","Cost Rica, Ven",74%, 
Ocumare,Venezuela,72%,Criollo
"Peru, Madagascar","Peru, Madagascar",55%, 
Trinidad,Trinidad,55%,Trinitario
Porcelana,Venezuela,70%,Criollo (Porcelana)
Red Vanilla, ,62%, 
"Venezuela, Trinidad","Venezuela, Trinidad",62%, 
Belize,Belize,80%,Trinitario
Ecuador,Ecuador,80%, 
Dominican Republic,Dominican Republic,80%, 
"Monte Alegre, D. Badaro, Raw, Organic",Brazil,75%, 
Blue Mountain,Jamaica,76%, 
Cuyagua,Venezuela,76%, 
Maya Mountain,Belize,76%,Trinitario
Grenada,Grenada,58%,Trinitario
Supremo- SF, ,62%, 
Elvesia P.,Dominican Republic,74%,"Trinitario, Criollo"
"Madagascar, Grand Cru",Madagascar,64%,Criollo
Maracaibo Clasificado,Venezuela,65%,Criollo
Arriba,Ecuador,72%,Forastero (Arriba)
"Alto Beni, Cru Savage",Bolivia,68%,Criollo (Wild)
Puerto Rico,Puerto Rico,65%, 
Dominican Republic,Dominican Republic,80%, 
Dominican Republic,Dominican Republic,70%, 
Dominican Republic,Dominican Republic,85%, 
Rio Eni,Peru,72%,Criollo
Dominican Republic,Domincan Republic,70%, 
Puerto Rico,Domincan Republic,80%, 
"Akesson's E., Sambirano V.",Madagascar,70%, 
"Camino Verde P., Balao, Guayas",Ecuador,75%, 
"Kokoa Kamili Coop, Kilombero",Tanzania,67%,Trinitario
Choroni,Venezuela,70%, 
Ocumare,Venezuela,70%, 
Canoabo,Venezuela,70%, 
Sur del Lago,Venezuela,60%, 
Costa Rica,Costa Rica,70%, 
Peru Brutus,Peru,75%, 
Vietnam,Vietnam,80%,Trinitario
Ghana,Ghana,60%,Forastero
Madagascar,Madagascar,65%,Trinitario
"Norandino, batch 161208",Peru,70%, 
Guatemala,Guatemala,73%, 
San Andres,Costa Rica,80%, 
Matagalpa,Nicaragua,68%, 
"Palo Blanco, Chulucanas",Peru,66%, 
Tumbes Coop,Peru,70%,Criollo
"Palo Blanco, Chulucanas",Peru,61%, 
"Palo Blanco w/ panela, Chulucanas",Peru,81%, 
"Maranon Canyon, Fortunato No. 4",Peru,70%,Forastero (Nacional)
La Red,Dominican Republic,65%, 
"Maranon, #228, MR, SC",Peru,70%,Forastero (Nacional)
"Maranon, #227, LR, MC",Peru,70%,Forastero (Nacional)
"Maranon, #229, MR, LC",Peru,70%,Forastero (Nacional)
"Maranon, #230, DR, LC",Peru,70%,Forastero (Nacional)
"Conacado, #223, MR, SC",Dominican Republic,72%, 
"Conacado, #224, MR, MC",Dominican Republic,72%, 
"San Martin, Bellavista Coop, #226, DR, MC",Peru,70%, 
"Bellavista Coop, #225, LR, MC, CG Exclusive",Peru,70%,Trinitario
"Markham Valley, #219, LR, MC",Papua New Guinea,69%, 
"Markham Valley, #221, DR, MC",Papua New Guinea,69%, 
"Sambirano Valley, #216, MR, LC",Madagascar,74%,Trinitario
"Markham Valley, #220, MR, MC",Papua New Guinea,69%,Trinitario
"Markham Valley, #222, LR, 0C",Papua New Guinea,69%,Trinitario
"Ghana, #211, MR, MC",Ghana,74%,Forastero
"Jamaica, #209, DR, SC",Jamaica,70%,Trinitario
"Conacado, #212, LR, SC",Dominican Republic,72%, 
"Jamaica, #210, DR, MC",Jamaica,70%,Trinitario
"Sambirano Valley, #214, LR, MC",Madagascar,74%,Trinitario
"Conacado, #213, DR, -C",Dominican Republic,72%, 
"Sambirano Valley, #215, MR, MC",Madagascar,74%,Trinitario
"Chuao, #218, MR, MC",Venezuela,76%,Trinitario
"Chuao, #217, DR, MC",Venezuela,70%,Trinitario
"Jamaica, #204, DR, SC",Jamaica,80%,Trinitario
"Jamaica, #206, DR, LC",Jamaica,70%,Trinitario
"Jamaica, #205, DR, MC",Jamaica,70%,Trinitario
"Carenero Superior, #203, MR, SC",Venezuela,65%,Criollo
"Rugoso, Bad Fermentation",Nicaragua,70%, 
La Dalia,Nicaragua,60%, 
La Dalia,Nicaragua,85%, 
La Dalia,Nicaragua,70%, 
"Barba, Xoco",Nicaragua,70%, 
"Medagla, Xoco",Nicaragua,70%, 
"Chuno, triple turned, Xoco",Nicaragua,70%,"Criollo, Trinitario"
"Red Mayan, Xoco",Honduras,70%,"Criollo, Trinitario"
"Chuno, double turned, Xoco",Nicaragua,70%,"Criollo, Trinitario"
"Rugoso, Xoco",Nicaragua,70%, 
"Johe, Xoco",Nicaragua,70%,"Criollo, Trinitario"
"Chuno, Xoco",Nicaragua,70%,"Criollo, Trinitario"
"Nicaliso, Xoco",Nicaragua,70%,"Criollo, Trinitario"
"Wild Bolivian, Batch 2",Bolivia,74%,Beniano
"Coto Brus, Heirloom, Batch 1",Costa Rica,74%,Amazon mix
Gran Couva,Trinidad,70%,Trinitario
Maranon,Peru,76%,Forastero (Nacional)
La Red,Dominican Republic,70%, 
Camino Verde,Ecuador,75%, 
Peru,Peru,70%, 
Signature Blend,Costa Rica,66%,Trinitario
Costa Rica,Costa Rica,70%, 
"Kaua'I, Alea Estate +world",Hawaii,85%,Blend
Akesson P.,Madagascar,65%,Trinitario
ABOCFA Coop,Ghana,70%,Forastero
Conacado Coop,Domincan Republic,70%,Trinitario
Conacado Coop,Domincan Republic,80%,Trinitario
Akesson P.,Madagascar,75%,Trinitario
"Toledo District, 2015 Harvest",Belize,70%, 
Bahia,Brazil,66%,"Trinitario, Forastero"
"Almendra Blanca, batch 1004",Mexico,77%, 
"El Carmen, batch 1003",Nicaragua,77%, 
"Asochivite, batch 1005",Guatemala,77%, 
"Ben Tre, Dong Nai",Vietnam,72%,Trinitario
Dark, ,70%, 
Madagascar,Madagascar,70%, 
Grenada,Grenada,82%,Trinitario
Grenada,Grenada,60%,Trinitario
Grenada,Grenada,71%,Trinitario
Arriba,Ecuador,64%,Forastero (Arriba) ASS
Ghana,Ghana,64%,Forastero
Trinidad & Tobago,"Trinidad, Tobago",64%, 
Lacri Blend,Venezuela,76%, 
Blend,"Ven, Trinidad, Ecuador",64%, 
"Epique, Blend No. 49", ,70%, 
Haiti,Haiti,65%, 
Nicaragua,Nicaragua,65%, 
Jamaica,Jamaica,65%,Trinitario
Ecuador,Ecuador,65%, 
Coucher du Soleil, ,72%, 
Lever du Soleil, ,61%, 
Onyx, ,72%, 
Trinidad,Trinidad,65%,Trinitario
"O'ahu, N. Shore, Waialua E., Kakoleka",Hawaii,55%, 
Nocturne, ,91%, 
Complexite, ,70%,Blend
Machu Pichu,Peru,65%, 
Special Maker Reserve, ,64%, 
Ocumare,Venezuela,65%, 
Quetzalcoatl, ,72%,Blend
Chucuri,Colombia,65%,Trinitario
Sur del Lago,Venezuela,65%,"Trinitario, Criollo"
"Sambirano, Ambanja",Madagascar,65%,"Criollo, +"
"Los Rios, Quevedo",Ecuador,65%,Forastero (Arriba)
Tsaranta, ,61%,Blend
Semisweet, ,61%,Blend
Papua New Guinea,Papua New Guinea,80%, 
Campesino w/ nibs, ,74%, 
Dominican Republic,Dominican Republic,75%, 
Trinitario, ,70%,Trinitario
Downtown London, ,65%, 
Africa meets Latina, ,70%, 
Amazonas, ,80%, 
Sharkey,Hawaii,66%, 
one hundred, ,100%, 
Arriba,Ecuador,77%,Forastero (Arriba)
Don Homero- Cerecita Valley,Ecuador,55%,Trinitario
Don Homero- Cerecita Valley,Ecuador,70%,Trinitario
South America and Africa,"South America, Africa",70%, 
"Vale do Juliana, w/ nibs",Brazil,85%, 
Brazil Blend,Brazil,67%, 
"Tome Acu E., Amazon Rainforest",Brazil,77%, 
"Vale do Juliana E., Atlantic Forest",Brazil,74%, 
Peru,Peru,64%, 
"Maya Mtn, Moho R., Toledo D., 2015",Belize,70%,Amazon
"Cota Brus, Terciopelo, 2015",Costa Rica,74%,Amazon mix
"Alto Beni, Upper Rio Beni, 2014",Bolivia,67%,"Amazon, ICS"
"Wild Beni, Lower Rio Beni, Tranquilidad, 2014",Bolivia,67%,Beniano
"Los Rios, Hacienda Limon, Orecao, 2014",Ecuador,67%,EET
"Maunawili, O'ahu, Agri Research C., 2014",Hawaii,67%, 
"Maunawili, O'ahu, Agri Research C., 2015",Hawaii,72%, 
"Los Rios, Hacienda Limon, Orecao, 2015",Ecuador,70%,EET
"Pinchincha, Mindo, Coop Nueva Esper., 2015",Ecuador,77%,EET
"Alto Beni, Upper Rio Beni, 2015",Bolivia,68%,"Amazon, ICS"
"Wild Beni, Lower Rio Beni, Tranquilidad, 2015",Bolivia,72%,Beniano
Uganda,Uganda,57%,Forastero
Venezuela,Venezuela,74%,Criollo
Tanzania,Tanzania,70%, 
Madagascar,Madagascar,74%,Trinitario
Venezuela,Venezuela,70%, 
Ecuador,Ecuador,73%, 
Peru,Peru,70%, 
Akesson's Estate,Madagascar,70%,Trinitario
Carenero Superior,Venezuela,72%,Trinitario
Conacado,Domincan Republic,75%,Trinitario
Gran Blanco,Peru,66%,Criollo
Arriba,Ecuador,80%,Forastero (Arriba) ASS
Manabi,Ecuador,80%,Forastero (Arriba) ASS
Arriba,Ecuador,72%,Forastero (Arriba) ASS
Arriba,Ecuador,58%,Forastero (Arriba) ASS
Manabi,Ecuador,58%,Forastero (Arriba) ASS
Maranon,Peru,70%, 
"Camino Verde P., Balao, Guayas",Ecuador,70%, 
Sambirano,Madagascar,70%,Trinitario
Gran Couva,Trinidad,70%,Trinitario
Mara,Venezuela,70%, 
Ivory Coast,Ivory Coast,70%, 
Hispaniola,Dominican Republic,70%, 
San Martin,Peru,70%, 
Hispaniola w/ nibs,Dominican Republic,75%, 
"Ecuador, w/ nibs",Ecuador,72%, 
"Pepiniere, single Cote",St. Lucia,70%, 
"Marcial, single Cote, 2012",St. Lucia,70%,Trinitario
"Island Growers, 2012, 120hr c.",St. Lucia,100%,Trinitario
Trinidad,Trinidad,75%,Trinitario
Mekong Delta & Dong Nai,Vietnam,80%,Trinitario
"Los Rios, H. Iara",Ecuador,90%,Forastero (Nacional)
"Somia Plantation, Akesson, 2012",Madagascar,72%,Trinitario
"Los Rios, H. Iara, 2012",Ecuador,82%,Forastero (Nacional)
"Chanchamayo, Pichanadi, 2012, 60hr c.",Peru,100%, 
"Los Rios, H. Iara, 2012, 120hr c.",Ecuador,100%,Forastero (Nacional)
"Conacado, 2012, 120hr c.",Dominican Republic,100%, 
Sambirano,Madagascar,66%,"Trinitario, Criollo"
"Los Rios, H. Iara, 96hr c.",Ecuador,80%,Forastero (Nacional)
"Island Growers, 120hr c.",St. Lucia,65%,Trinitario
"Island Growers, 96hr c.",St. Lucia,65%,Trinitario
Ecuador,Ecuador,70%, 
Santo Domingo,Dominican Republic,70%, 
Chuao,Venezuela,70%,Trinitario
St. Lucia,St. Lucia,72%, 
Uganda,Uganda,80%,Forastero
Tanzania,Tanzania,75%, 
Uba Budo,Sao Tome,72%,Forastero
Lam Dong,Vietnam,70%,Trinitario
Bolivia,Bolivia,70%,"Criollo, Trinitario"
"Bolivia, Bo-nib-ia, w/ nibs",Bolivia,70%,"Criollo, Trinitario"
Momotombo,Nicaragua,70%,Trinitario
Hispaniola,Dominican Republic,70%,Trinitario
Zorzal Reserva w/ Charles Kerchner,Dominican Republic,70%, 
"Ocumare, Cumboto",Venezuela,70%,"Trinitario, Criollo"
Amazonas,Venezuela,70%,Forastero
"Chuao, Venezuela",Venezuela,72%,Trinitario
Coopertiva Amazona,Venezuela,72%,Criollo
"Sur del Lago, Amiari Meridena, Zulia, 48hr c.",Venezuela,72%, 
"Choroni, Finca Torres, 48hr c.",Venezuela,72%,Criollo
"Ocumare, H. Cata, 48hr c.",Venezuela,72%,Criollo
"Porcelana, Zulia",Venezuela,74%,Criollo
"Ocumare, H. Cata, w/ nibs",Venezuela,72%,Criollo
"Carenero Superior, Urrutia, Barlovento",Venezuela,70%,Trinitario
Coopertiva Amazona w/ nibs,Venezuela,72%,Criollo
"Sur del Lago, Amiari Meridena, Zulia, w/ nibs",Venezuela,72%, 
India (south),India,61%, 
La Red,Dominican Republic,70%, 
"Conacado, Manifesto",Dominican Republic,70%, 
Honduras,Honduras,77%, 
"Satipo region, white label",Peru,72%,Criollo
black label,Peru,72%, 
Madagascar,Madagascar,72%,Trinitario
Peru,Peru,72%, 
Belize,Belize,72%,Trinitario
Dominican Republic,Dominican Republic,72%, 
"Maya Mountain, Toledo, Batch 29",Belize,70%,Trinitario
"Elvesia P., Batch 32",Dominican Republic,70%, 
Trinatario Treasure,Ghana,71%,Trinitario
Madagascar,Madagascar,63%,Trinitario
Belize,Belize,70%,Trinitario
Madagascar,Madagascar,70%,Trinitario
Peru,Peru,70%, 
"Rizek Cacao, Cibao Valley, Domin. Rep.",Dominican Republic,70%, 
"Rizek Cacao, Domin. Rep.",Dominican Republic,82%, 
"Rizek Cacao, Domin. Rep.",Dominican Republic,55%, 
"Rizek Cacao, Domin. Rep.",Dominican Republic,62%, 
Peru,Peru,64%, 
Vanuatu,Vanuatu,65%,Trinitario
Sisa 36hr/ W. F. blend prototype,Ecuador,70%, 
Sisa's Secret/ original micro,Ecuador,70%, 
Roberto,Ecuador,75%, 
Diego/ original micro,Ecuador,85%, 
Diego 48hr/ W.F. blend prototype,Ecuador,85%, 
Diego 60hr/ W.F. blend prototype,Ecuador,85%, 
Cacao Nacional W.F.,Ecuador,75%, 
Cacao Nacional W.F.,Ecuador,85%, 
Noir, ,70%, 
Ecuador,Ecuador,80%, 
"La Red, Project Reserva, Guaconejo",Dominican Republic,70%, 
Dark,Mexico,72%, 
"La Red, Guanconjeco",Dominican Republic,60%,Trinitario
San Martin,Peru,72%, 
Ocumare,Venezuela,72%, 
Belize,Belize,72%,Trinitario
Sambirano Valley,Madagascar,72%,Trinitario
Belize,Belize,90%,Trinitario
Elvesia,Dominican Republic,72%, 
ROIG,Dominican Republic,72%, 
"Kafupbo, Petit Bourg, De Borgnes",Haiti,70%, 
"Maranon, Fortunato No. 4",Peru,70%,Forastero (Nacional)
"Los Rios, Hacienda Limon, Heirloom",Ecuador,70%, 
"Bahia, Fazenda Camboa",Brazil,70%,Forastero
Uganda,Uganda,72.50%,Forastero
Hispaniola,Dominican Republic,72.50%, 
Ecuador,Ecuador,72.50%, 
Madagascar,Madagascar,72.50%,Trinitario
Peru,Peru,74%, 
Brazil,Brazil,70%, 
Chuao,Venezuela,68%,Trinitario
Quito,Ecuador,74%, 
Grenada,Grenada,75%,Trinitario
Dominican Republic,Dominican Republic,74%, 
Venzuela,Venezuela,71%, 
Madagascar,Madagascar,64%,Trinitario
Bolivian,Bolivia,68%, 
"Lumas, 2015 Harvest, Batch 6, brown sugar",Peru,70%,"Trinitario, Criollo"
"Lumas, 2015 Harvest, Batch 7",Peru,70%,"Trinitario, Criollo"
"Tumbes, 2013 Harvest, Batch 8",Peru,70%,Criollo
"Belize, 2014 Harvest, Batch 9",Belize,70%,"Trinitario, Criollo"
"Cuana, 2013","Africa, Carribean, C. Am.",74%, 
Tobago,Tobago,60%, 
"Acarigua, w/ nibs",Ecuador,56%, 
Loma Sotavento,Dominican Republic,66%, 
Grenada,Grenada,68%,Trinitario
Akosombo,Ghana,68%,Forastero
"Porcelana, Pariguan",Venezuela,69%,Criollo (Porcelana)
Kuruba, ,60%, 
Orinoco, ,60%, 
"Cuana, 2008","Ven., Indonesia, Ecuad.",74%,Blend
Peruvian Amazon,Peru,72%, 
Vinces,Ecuador,60%, 
"Madagascar, Batch 59/100",Madagascar,75%,Trinitario
"Vietnam, Batch 50/100",Vietnam,75%,Trinitario
"Cuba, Batch 59/100",Cuba,75%, 
"Peru, Batch 51/100",Peru,75%, 
"Ivory Coast, Batch 56/100",Ivory Coast,75%, 
"Sao Tome, Batch 151",Sao Tome,75%,Forastero
"Bahia, Batch 148",Brazil,75%, 
"Lam Dong, Batch 153",Vietnam,75%,Trinitario
Cuba,Cuba,70%, 
Trinidad-Tobago,Trinidad-Tobago,68%, 
Catongo,Brazil,70%,Forastero (Catongo)
Tanzania,Tanzania,75%, 
Rugoso,Nicaragua,80%,Trinitario
Carenero Superior,Venezuela,75%,Trinitario
Rio Caribe,Venezuela,75%,Trinitario
Blend,"Peru, Ecuador, Venezuela",72%,Criollo
"La Masica, Batch 7, FHIA",Honduras,70%, 
"Maya Mtn, Batch 18, Heirloom",Belize,70%, 
Liberia,Liberia,70%, 
Beniamo,Bolivia,70%, 
"San Juan Estate, Gran Couva",Trinidad,70%,Trinitario
San Andres,Costa Rica,70%, 
"La Red, Guaconejo",Domincan Republic,70%, 
Kokoa Kamili,Tanzania,70%, 
Maranura,Peru,70%,Forastero (Nacional)
Sambirano,Madagascar,71%,Criollo
Madagascar,Madagascar,70%,Trinitario
Perfect Illusion,Peru,65%,Criollo
"Bolivia, Wild Thing",Bolivia,68%,Criollo
La Selva,Peru,68%, 
Purple Haze,"Venezuela, Dom. Rep.",75%, 
"The Other One, Grand Cru",Dominican Republic,74%, 
Wild Thing,Bolivia,68%,Criollo
Excellence (US Version), ,85%, 
Puerto Rico,Puerto Rico,65%, 
"Haleiwa, O'ahu; Lonohana E., Kanahiku",Hawaii,70%, 
"Haleiwa E, O'ahu, 2014",Hawaii,65%, 
"Haleiwa E, O'ahu, 2014",Hawaii,75%, 
"Opaeula Estate, O'ahu, Nene, CG Exclusive",Hawaii,71%, 
"Opaeula Estate, O'ahu, Ele'ele",Hawaii,72%, 
"Hawaiian Crown, Kona Vanilla",Hawaii,70%, 
Nicaragua,Nicaragua,75%, 
Selva,"Colombia, Ecuador",46%, 
Macondo,"Colombia, Ecuador",60%, 
Misterio,"Colombia, Ecuador",58%, 
Santander,Colombia,65%, 
Peru,Peru,70%, 
Peru,Peru,55%, 
Madagascar,Madagascar,67%,Trinitario
Madagascar,Madagascar,70%,Trinitario
Madagascar,Madagascar,63%,Trinitario
Madagascar,Madagascar,75%,Trinitario
Guadalcanal,Solomon Islands,73%, 
Puerto Rico,Puerto Rico,70%, 
Brazil,Brazil,70%, 
"Choobua, Kona",Hawaii,70%, 
"Xocunusco, Chiapas, Pichucalco",Mexico,70%, 
"Hamakua Coast, Kokoleka",Hawaii,70%, 
"Criollo, Hawaii",Hawaii,70%,Criollo
Kaua'i,Hawaii,70%, 
Dominican,Dominican Republic,70%, 
Upala,Costa Rica,70%, 
"Chiapas, Triple Cacao",Mexico,72%, 
Africa,Tanzania,75%, 
Ecuador,Ecuador,70%,Forastero (Nacional)
Cuba,Cuba,70%,Criollo
Santo Domingo,Dominican Republic,70%,"Blend-Forastero,Criollo"
Ecuador,Ecuador,70%, 
Sambirano 2006,Madagascar,75%,Trinitario
Mora Mora 2006,Madagascar,73%,Trinitario
"Davao, Mt. Talamo foothills",Philippines,65%,Trinitario
"O'ahu, N. Shore, Waialua Estate w/ nibs",Hawaii,55%, 
"O'ahu, N. Shore, Waialua Estate",Hawaii,55%,Blend
Chuao,Venezuela,70%, 
Ecuador,Ecuador,74%, 
Peru,Peru,74%, 
Venezuela,Venezuela,74%, 
Conacado,Dominican Republic,74%, 
Colombia,Colombia,70%, 
Markham Valley,Papua New Guinea,72%, 
Coto Brus,Costa Rica,72%, 
"Waiahole, O'ahu",Hawaii,72%, 
"Liberia, #174",Liberia,72%, 
"Hamakua, Hawaiian Crown, #176",Hawaii,72%, 
Piura,Peru,72%, 
"Oahu, Winward, #151, Maunawili district",Hawaii,72%, 
Johe,Nicaragua,70%, 
Peru,Peru,70%, 
Porcelana,Venezuela,70%,Criollo
Kolumbia,Colombia,85%, 
Grand Cru Dominican Republic,Dominican Republic,70%, 
Grand Cru Ghana,Ghana,70%,Forastero
Grand Cru Ecuador,Ecuador,70%, 
"Ben Tre, Surprise Valley",Vietnam,75%,Trinitario
"ROIG, 2014",Dominican Republic,70%,"Criollo, Trinitario"
"Maranon, 2014",Peru,62%,Forastero (Nacional)
Ecuador,Ecuador,70%,Trinitario
"San Juan Estate, Cherry Blossoms at Night",Trinidad,70%,Trinitario
"A case of the Xerces Blues, triple roast",Nicaragua,70%, 
"Tumbes, Dear Mr. Finley, 2014",Peru,68%,Criollo
Colombia,Colombia,75%, 
"Kakoa Kamili, Both Man & Bird & Beast",Tanzania,72%, 
Le Chocolat Chaud,Honduras,78%, 
Piura,Peru,70%, 
Cusco,Peru,70%, 
San Martin,Peru,70%, 
Cacao Nib Crunch, ,75%, 
"Tan Phu Dong Island, Heart of Darkness",Vietnam,85%,Trinitario
Ben Tre,Vietnam,68%,Trinitario
"Dak Lak, Batch 2451",Vietnam,70%,Trinitario
"Tan Phu Dong, Treasure Island",Vietnam,75%,Trinitario
Ba Ria,Vietnam,76%,Trinitario
Dong Nai,Vietnam,72%,Trinitario
"Tien Giang, Gao Co-op",Vietnam,70%,Trinitario
Ben Tre,Vietnam,78%,Trinitario
Tien Giang,Vietnam,80%,Trinitario
Lam Dong,Vietnam,74%,Trinitario
"Matina 1-6, prototype",Costa Rica,65%, 
Ivory Coast,Ivory Coast,65%, 
Nigeria,Nigeria,65%, 
"Ghana, prototype",Ghana,65%,Forastero
Dominican Republic,Dominican Republic,74%, 
Dominican Republic,Dominican Republic,89%, 
Alto Beni,Bolivia,76%, 
Pisa,Haiti,82%, 
Tumaco,Colombia,74%, 
Guatemala,Guatemala,76%, 
Tanzania,Tanzania,74%, 
French Laundry 20th Anniversary,"Peru, Belize",75%,Blend
Shake Shack,"Peru, Mad., Dom. Rep.",73%,Blend
Madagascar,,72%,Trinitario
Chuao,Venezuela,73%,Trinitario
Brooklyn Blend, ,72%, 
"Chuao, Med. Roast",Venezuela,76%,Trinitario
"Chuao, Dark Roast",Venezuela,70%,Trinitario
"Chuao, Light Roast",Venezuela,81%,Trinitario
Moho River,Belize,70%,Trinitario
Papua New Guinea,Papua New Guinea,71%, 
San Martin,Peru,75%, 
Conacado,Dominican Republic,73%, 
"La Red de Guanconejo, N. Highlands coop",Dominican Republic,74%, 
Patanemo,Venezuela,81%,Criollo
Ocumare de la Costa,Venezuela,75%, 
"Dominican Republic, Coop",Dominican Republic,70%, 
"Malekula P., 2013",Vanuatu,72%,Trinitario
"Somia, 2013",Madagascar,68%,Trinitario
"Kulili P., 2013",Papua New Guinea,74%,Trinitario
Blend,"PNG, Vanuatu, Mad",70%,Trinitario
Maya Mountain,Belize,70%,Trinitario
Elvesia,Dominican Republic,70%, 
Tumbes,Peru,82%,Criollo
"Morropon, Norandiono Coop, Piura",Peru,63%,Criollo
Hispaniola,Domincan Republic,72%, 
Bolivia,Bolivia,70%, 
Venezuela,Venezuela,70%, 
Belize,Belize,70%,Trinitario
"Nicaragua, w/ inbs",Nicaragua,70%, 
Dominican Republic,Dominican Republic,70%, 
Madagascar,Madagascar,80%,Trinitario
Madagascar,Madagascar,72%,Trinitario
El Salvador,El Salvador,80%, 
El Salvador,El Salvador,70%, 
Honduras,Honduras,80%, 
Honduras,Honduras,70%, 
"La Tronca, Matagalpa",Nicaragua,70%, 
"La Tronca, Matagalpa",Nicaragua,80%, 
"Fazenda Sempre Firme P., Bahia",Brazil,70%, 
Akesson Estate,Madagascar,72%,Trinitario
South America,South America,70%,Trinitario
"Chiapas, Mokaya P.",Mexico,66%, 
"Carenero Superior, Concepcion",Venezuela,66%,Trinitario
Vila Gracinda,Sao Tome,67%,Forastero
Carre Amer, ,60%, 
Carre Grand Noir, ,85%, 
Tamarina,Sao Tome,70%,Forastero
Los Ancones P.,Dominican Republic,67%, 
Mangaro P.,Madagascar,65%,Trinitario
Maralumi P.,Papua New Guinea,64%, 
Noir Infini, ,99%, 
Maya Mountain,Belize,80%,Trinitario
San Juan Estate,Trinidad,70%,Trinitario
Oko Caribe,Dominican Republic,75%, 
"Patanemo, Epoch, Donaldo",Venezuela,75%, 
Kokoa Kamili,Tanzania,75%, 
"Matagalpa, Cacao Bisiesto",Nicaragua,70%, 
La Red,Dominican Republic,75%, 
Belize,Belize,80%,Trinitario
Houseblend, ,65%, 
Alto Beni,Bolivia,75%,Criollo
"Balinese, Java",Indonesia,70%,Criollo
Ecuador,Ecuador,70%,Forastero (Nacional)
Ecuador,Ecuador,70%, 
Ecuador,Ecuador,67%, 
Ecuador,Ecuador,77%, 
"Acul-du-Nord, 2015",Haiti,70%,"Criollo, Trinitario"
"Fazenda Camboa, Bahia",Brazil,75%, 
"Bahia, Fazenda Venturosa",Brazil,70%,Forastero (Parazinho)
Tumaco,Colombia,65%, 
"Toledo District, w/ nibs",Belize,73%,Trinitario
Toledo District,Belize,72%,Trinitario
"Umoho R., Toledo District, San Felipe",Belize,67%,Trinitario
La Red,Domincan Republic,70%, 
Indonesia,Indonesia,70%, 
Peru,Peru,70%, 
Matagalpa,Nicaragua,70%, 
Mombacho,Nicaragua,70%, 
Oscuro,Nicaragua,70%, 
Oko Caribe,Dominican Republic,72%, 
Papaua New Guinea,Papua New Guinea,70%, 
Manabi,Ecuador,70%, 
Manabi,Ecuador,63%, 
Manabi,Ecuador,85%, 
Nicaragua,Nicaragua,70%, 
Nicaragua,Nicaragua,80%, 
"Kokoa Kamili, batch 1 SRB",Tanzania,68%, 
"Oko Caribe, batch 1 SRB",Domincan Republic,71%, 
"Ambanja, batch 1 SRB",Madagascar,68%, 
"Tien Giang, batch 1 SRB",Vietnam,80%,Trinitario
"Costa Rica, Oscuro",Costa Rica,58%, 
"Costa Rica, Oscuro",Costa Rica,70%, 
Trinidad & Tobago,"Trinidad, Tobago",70%, 
"Maranon Canyon, Fortunato No. 4",Peru,78%,Forastero (Nacional)
Grenada,Grenada,71%,Trinitario
Nicaragua,Nicaragua,70%,Criollo
Chuao,Venezuela,75%,Trinitario
Barinas,Venezuela,70%, 
Criollo Blend,Hawaii,85%, 
Peru,Peru,72%, 
Hispaniola,Dominican Republic,70%, 
Madagascar,Madagascar,73.50%,Trinitario
Ghana,Ghana,70%,Forastero
Papua New Guinea,Papua New Guinea,70%,Criollo
Manickchand Estate,Trinidad,67%,Trinitario
Dark, ,73%, 
West Africa,West Africa,73%,Forastero
Sao Tome,Sao Tome,75%,Forastero
Ocumare,Venezuela,71%,Criollo
Patanemo,Venezuela,72%,Criollo
Elvesia P.,Dominican Republic,72%,Trinitario
"Ambanja, Sambirano Valley",Madagascar,72%,Trinitario
Tumbes,Peru,72%,Criollo
Peru,Peru,75%, 
Ecuador,Ecuador,75%, 
Ghana,Ghana,75%,Forastero
Moho Valley,Belize,75%,Trinitario
Maranon Canyon,Peru,75%,Forastero (Nacional)
Venezuela,Venezuela,70%, 
Ecuador,Ecuador,70%, 
"La Patriota, cacao Indio, purple label",Nicaragua,70%, 
"La Dalia, Matagalpa,cacao Bisesto,green label",Nicaragua,75%, 
"Punta Galera, cacao Nacional, gold label",Ecuador,80%,Forastero (Nacional)
"Ghana, 2013",Ghana,70%,Forastero
"Ecuador, 2013",Ecuador,70%,Trinitario
"Canoabo, 2013",Venezuela,70%,Criollo
"Sambirano Valley, 2012",Madagascar,70%,Trinitario
La Red,Dominican Republic,70%, 
Fazenda Leolinda,Brazil,70%,Trinitario (Scavina)
Jamaica,Jamaica,70%,Trinitario
Pangoa,Peru,70%,Criollo
"Pangoa, w/ nibs",Peru,70%,Criollo
Virunga,Congo,70%,Forastero
Piura,Peru,75%,Criollo
Sang Yum Coop,Samoa,100%, 
Sang Yum Coop,Samoa,70%, 
"PNG, Devotion",Papua New Guinea,66%, 
"PNG, Revolution",Papua New Guinea,70%, 
"PNG, Voodoo",Papua New Guinea,88%, 
"PNG, Nib Bar",Papua New Guinea,74%, 
"San Juan Estate, Gran Couva",Trinidad,70%,Trinitario
Tanzania,Tanzania,70%, 
"Sylvestre, Oialla",Bolivia,70%,Criollo
Dominican Republic prototype,Dominican Republic,72%, 
Ghana prototype,Ghana,72%,Forastero
Dark 67,"Ghana, Domin. Rep",67%, 
Dark 75,"Ghana, Domin. Rep",75%, 
Carribean-Raw,Carribean,76%, 
Carribean,Carribean,76%, 
Carribean,Carribean,85%, 
Carribean-Raw,Carribean,85%, 
Ghana,Ghana,80%,Forastero
"Kakao Kamili, Kilombero Valley",Tanzania,70%,Trinitario
Papua New Guinea,Papua New Guinea,70%, 
Madagascar,Madagascar,66%,Trinitario
Maya Mountain,Belize,74%,Trinitario
La Red,Dominican Republic,72%, 
Nicaraqua,Nicaragua,72%,Trinitario
Caribe,Dominican Republic,72%, 
Mindo,Ecuador,72%,Trinitario
Papua Kerafat,Papua New Guinea,68%, 
"Grand Cru Blend No.1, 5 yr. Anniversary Ed", ,80%,Blend
"Alto Beni, Wild Harvest, Itenez R. 24hr c.",Bolivia,66%, 
"D.R. Congo, Cru Virunga",Congo,70%,Forastero
"Piura, Apotequil, ""Porcelana"" 72hr c.",Peru,75%,Criollo
"Alto Beni, Wild Harvest, Itenez R., 60hr c.",Bolivia,68%, 
"Hawai'i, Kona Grand Cru E.",Hawaii,60%,Criollo
"Hawai'i, Kona Estate Grown",Hawaii,60%, 
Peru,Peru,65%, 
Peru,Peru,72%, 
"Sierra Nevada, Tutu Iku",Colombia,70%, 
Garaua,Ecuador,70%, 
Cumbia,Ecuador,70%, 
Montubia,Ecuador,70%, 
Tangara,Ecuador,70%, 
"Ecuador, raw",Ecuador,85%, 
Piura,Peru,70%, 
Nube- prototype,Ecuador,70%, 
Esmeraldas,Ecuador,60%,Forastero (Arriba)
Manabi,Ecuador,65%,Forastero (Arriba)
Los Rios,Ecuador,72%,Forastero (Arriba)
Raw,Ecuador,100%,Forastero (Arriba)
Raw,Ecuador,70%,Forastero (Arriba)
Lachua,Guatemala,70%, 
Maya Mtn,Belize,72%,Trinitario
"Silvestre, La Paz, Beni",Bolivia,70%, 
"San Juan Estate, Gran Couva",Trinidad,70%,Trinitario
Kokoa Kamili,Tanzania,72%, 
Lam Dong,Vietnam,72%,Trinitario
"Alto Beni, Palos Blancos",Bolivia,72%, 
Sambirano,Madagascar,78%,Trinitario
"Camino Verde P., Balao, Guayas",Ecuador,75%, 
Duo- Gran Couva & Camino Verde,"Trinidad, Ecuador",75%,Blend
Gran Couva,Trinidad,70%,Trinitario
Matasawalevu,Fiji,76%, 
South America,South America,65%, 
Kilombero Valley,Tanzania,70%, 
"Lachua, Q'egchi families",Guatemala,70%, 
Alto Beni,Bolivia,70%, 
Oko Caribe,Dominican Republic,70%, 
Peru,Peru,55%, 
Peru,Peru,70%, 
Signature Blend, ,70%,Blend
Madagascar,Madagascar,75%,Trinitario
Madagascar,Madagascar,67%,Trinitario
"Rio Caribe, Paria Penninsula",Venezuela,70%,Trinitario
Madagascar,Madagascar,70%,Trinitario
"Piura, Choc. Garage Exclusive",Peru,67%, 
"Madagascar, w/ shell",Madagascar,73%,Trinitario
"Madagascar, w/ shell",Madagascar,64%,Trinitario
Dominican Republic,Dominican Republic,82%, 
"Haut Penja, w/ nibs",Cameroon,70%,Forastero
Chuao,Venezuela,75%,Criollo
Trinite,Trinidad,75%,Trinitario
"Baracoa, Cuba",Cuba,78%,"Criollo, Forastero"
"Peru, Las Pampas P.",Peru,85%,Criollo
"Bahia Brazil, Fazenda Sao Pedro",Brazil,72%,Forastero
"Porcelana, Tabasco, Finca La Joya",Mexico,72%,Criollo
Cabosse,"Venezuela, Java",70%,Blend
"Los Rios, Puerto Romero, Equateur",Ecuador,72%,Forastero (Nacional)
"Sambirano, Ambanja, Madagascar",Madagascar,72%,Trinitario
Fleur de Cacao,Venezuela/ Ghana,85%,Blend
"Porcelana, Tabasco, Limited Ed.",Mexico,72%,Criollo
"Kendem Lembu, Java",Indonesia,72%,Criollo
"Ocumare, Puerto Cabello, Venezuela",Venezuela,72%,Criollo
Wampusirpi Region,Honduras,80%, 
Tenor,Nicaragua,62%, 
Johe,Nicaragua,80%, 
Chuno,Nicaragua,80%,"Criollo, Trinitario"
Nicalizo,Nicaragua,80%,Trinitario
Rugoso,Nicaragua,80%, 
Akesson Estate,Madagascar,73%,Trinitario
Namau Village,Fiji,73%,Trinitario
"Camino Verde P., Balao, Guayas, ""Fruity""",Ecuador,73%, 
"Camino Verde P., Balao, Guayas, ""Floral""",Ecuador,73%, 
"La Red, 2011",Dominican Republic,76%, 
Peru,Peru,82%,Criollo
"Oko Caribe, Duarte Province, 2016 H.",Domincan Republic,70%, 
"Cuyagua, 2013",Venezuela,70%, 
Upala w/ nibs,Costa Rica,70%,Matina
"Upala, Batch 18",Costa Rica,70%,Matina
"San Martin, Amazonian Highlands",Peru,70%, 
Bahia,Brazil,70%, 
"Upala, Batch 12",Costa Rica,82%,Matina
Peru,Peru,75%, 
"Porcelana, S. of Lake Maracaibo",Venezuela,75%,Criollo (Porcelana)
Chuao,Venezuela,75%,Trinitario
Cuyagua,Venezuela,75%, 
Papouasie,Papua New Guinea,75%,Trinitario
"Sambirano Valley, Le 100%",Madagascar,100%,Criollo
Dominican Republic-Organic,Dominican Republic,75%, 
"Monte Alegre, Diego Badero",Brazil,75%, 
Claudio Corallo w/ nibs,Sao Tome,75%,Forastero
"Monte Alegre (Itacare), Brazil",Brazil,75%,Forastero
Tanzania,Tanzania,75%,Criollo
Sao Tome & Principe,Sao Tome & Principe,75%,Forastero
Trinidad,Trinidad,75%,Trinitario
"Madagascar, Nosy Be Isle.",Madagascar,75%,Criollo
"Java, Indonesie",Indonesia,75%,Criollo
"Barlovento, Venezuela",Venezuela,75%,Trinitario
Jamaique,Jamaica,75%,Trinitario
Equateur,Ecuador,75%,Trinitario
Vanuatu,Vanuatu,75%,Trinitario
Ghana,Ghana,75%,Forastero
Colombie,Colombia,75%,Trinitario
Fortissima,Ecuador,80%,"Criollo, Trinitario"
Cuba,Cuba,75%,Trinitario
"Caracas, Venezuela and Ghana","Venezuela, Ghana",75%,"Trinitario, Forastero"
"Djakarta, Java and Ghana","Indonesia, Ghana",75%,"Criollo, Forastero"
"Chocoan Rainforest, Teroro Escondido, ESM",Ecuador,77%, 
"Crayfish Bay Estate, 2014",Grenada,70%,Trinitario
"Akesson's, batch 4411",Madagascar,74%,Criollo
Honduras,Honduras,80%, 
"Patanemo Vil., Carabobo State, Tisano family",Venezuela,75%,Trinitario
Guantupi River,Ecuador,75%,Forastero (Nacional)
"Akessons Estate, Sambirano, Ambanja",Madagascar,72%,Trinitario
Guantupi River,Ecuador,85%,Forastero (Nacional)
Venezuela,Venezuela,73%, 
Brazil,Brazil,75%, 
Brazil,Brazil,85%, 
Brazil,Brazil,55%, 
Brazil,Brazil,80%, 
Brazil,Brazil,60%, 
Brazil,Brazil,65%, 
"Mexico, Lot 28022016",Mexico,70%,Criollo
"Uranga, Lot 22032016",Mexico,74%,Trinitario
Amazon Basin Blend,"Peru(SMartin,Pangoa,nacional)",70%, 
Virunga,Congo,75%,Forastero
Madagascar,Madagascar,75%,Trinitario
La Red,Dominican Republic,85%, 
Suchitepequez E.,Guatemala,70%, 
Ecuador,Ecuador,75%,"Forastero(Arriba, CCN)"
"San Martin, Batch 2",Peru,70%, 
"Chulucanas, Batch 1",Peru,80%, 
"Tumbes, Batch 2",Peru,73%,Criollo
Piura,Peru,75%,Criollo
Raw, ,70%,Criollo
Esmeraldas,Ecuador,75%, 
"Los Rios, Vinces",Ecuador,75%,Forastero (Arriba)
Manabi,Ecuador,75%,Forastero (Arriba)
El Oro,Ecuador,67%,Forastero (Arriba)
Los Rios,Ecuador,75%,Forastero (Arriba)
"Camino Verde P., Balao, 2015 harvest, batch8",Ecuador,75%, 
"Camino Verde P., Balao, Guayas, 2014",Ecuador,85%, 
"Mid Mountain, 2014", ,70%,Blend
"Toledo District, Maya",Belize,75%,Trinitario
"Maranon, Cajamarca",Peru,75%,Forastero (Nacional)
Sambirano,Madagascar,75%,Trinitario
"Camino Verde P., 2012, Balao, Guayas",Ecuador,75%,Nacional (Arriba)
Gran Couva,Trinidad,75%,Trinitario
Costa Rica,Costa Rica,75%, 
"La Dorado, light roast",Costa Rica,70%, 
"Tapanti, light roast",Costa Rica,70%, 
Maleku,Costa Rica,70%, 
Madagascar,Madagascar,75%,Trinitario
Madagascar w/ nibs,Madagascar,68%,Trinitario
"Gru Grococo, St. Andrews",Grenada,66%,Trinitario
"La Masica, Batch 1, FHIA Research Center",Honduras,75%, 
"Caranero, Choc. Garage Exclusive",Venezuela,70%, 
"Tranquilidad, Batch 1",Bolivia,75%, 
Porcelana,Venezuela,80%,Criollo
"Akessons Estate, Sambirano, 2013",Madagascar,70%,Trinitario
"Hispaniola, 2013",Dominican Republic,70%, 
"Silvestre, Batch 7, 2013",Bolivia,75%, 
"Bachelor's Hall E., St. Thomas Parish",Jamaica,75%,Trinitario
"Camino Verde P., Balao, Guayas",Ecuador,75%,Nacional (Arriba)
"Silvestre, Batch 1, 2011",Bolivia,75%,Criollo
Piura,Peru,75%, 
Rio Caribe,Venezuela,70%,Trinitario
"Hispaniola, 2008",Dominican Republic,70%, 
Jamaica,Jamaica,70%,Trinitario
"Sambirano, 2008",Madagascar,70%,Trinitario
Trinidad,Trinidad,70%,Trinitario
Sur del Lago,Venezuela,84%, 
"Rio Caribe Superior, Paria Penninsula",Venezuela,76%,Trinitario
"Sambirano, Akesson Estate",Madagascar,72%,Trinitario
Carenero Superior,Venezuela,73%,Criollo
Porcelana,Venezuela,71%, 
"Aragua, Trincheras",Venezuela,70%, 
Principe,Principe,77%,Forastero
Malgascio,Madagascar,64%,Trinitario
100 percent, ,100%, 
Samana,Dominican Republic,70%, 
Arawak,Carribean,72%, 
Latino, ,72%, 
Midnight,Central and S. America,83%, 
Twilight,Central and S. America,69%, 
Bahia Superior,Brazil,70%,Forastero
Esmeraldas,Ecuador,70%,Forastero (Nacional)
Carenero Superior,Venezuela,70%,Trinitario
Rio Arriba,Ecuador,70%,Forastero (Arriba) ASSS
Colombian 2008,Colombia,75%,Forastero (Nacional)
Colombian w/ nibs,Colombia,70%,Forastero (Nacional)
Colombian Semi Dark,Colombia,53%,Forastero (Nacional)
Colombian,Colombia,65%,Forastero (Nacional)
Colombian Dark,Colombia,70%,Forastero (Nacional)
Sao Tome,Sao Tome,70%,Forastero
San Juan de Cheni,Peru,78%, 
Markham Valley,Papua New Guinea,68%, 
Camahogne,Grenada,68%,Trinitario
Amina,Madagascar,65%,"Trinitario, Criollo"
Tome Acu,Brazil,68%, 
Asante,Ghana,65%,Forastero
Ben Tre,Vietnam,72%,Trinitario
Finisterra,"Ven., Trinidad, Mad.",72%,Blend
Las Islas,Carribean(DR/Jam/Tri),72%,Blend
Nibby, ,62%, 
Cuyagua,Venezuela,75%, 
Antilles (Trin/Gren/DR/Ven),Carribean,75%,Blend
Extra Dark, ,82%, 
Bittersweet, ,70%,Blend
Kumasi Sambirano,Ghana & Madagascar,68%,Blend
Jamaica a l'ancienne,Jamaica,70%,Trinitario
Semisweet, ,62%,Blend
Dominican Republic,Domincan Republic,70%, 
Grenada,Grenada,70%, 
Jamaica,Jamaica,72%,Trinitario
Papua New Guinea,Papua New Guinea,73%,Forastero
Cuyagua,Venezuela,77%,Criollo
ROIG,Dominican Republic,74%,"Criollo, Trinitario"
Ecuador,Ecuador,75%,Trinitario
"Belize, 2013",Belize,72%,"Criollo, Trinitario"
Hilo,Hawaii,73%, 
"Hilo, w/ added cocoa butter",Hawaii,73%, 
Tingo Maria,Peru,70%, 
Porcelana,Peru,75%,Criollo
Oro,Costa Rica,82%, 
Oscuro,Costa Rica,70%, 
Peru,Peru,70%, 
Maya Belize,Belize,67%,Criollo
"Trintade, Sao Tome",Sao Tome,65%,Forastero
"Bahia, Scavina",Brazil,60%,Trinitario
"Porcelana, Colombia, Amazonas",Colombia,68%,"Criollo, Trinitario"
Wild Bolivia,Bolivia,73%, 
Kokoa Kamili Coop,Tanzania,73%, 
"Esmeraldas, Salazar Farm",Ecuador,73%, 
"Somia Plantation, 2012",Madagascar,100%,Trinitario
"Camino Verde P., Balao, Guayas, 2012",Ecuador,100%, 
Lachua w/ cane sugar,Guatemala,73%, 
"Lachua w/ maple sugar, batch 5",Guatemala,73%, 
Pisa,Haiti,73%, 
"Somia Plantation, 2012",Madagascar,67%,Trinitario
"Somia Plantation, 2012",Madagascar,73%,Trinitario
"Camino Verde P., Balao, Guayas",Ecuador,73%, 
Ghana,Ghana,70%,Forastero
Nicaragua,Nicaragua,72%, 
"Oko Caribe, DOR005",Dominican Republic,70%, 
"Guasare, La Sierra de Perija, batch gua001",Venezuela,70%,Criollo
"Porcelana, Sorotaima,Machiques,batch pcl001",Ecuador,70%,Criollo
"Maya Mtn, Moho R., Toledo D.",Belize,70%, 
Tien Giang,Vietnam,70%,Trinitario
Australia,Australia,67%, 
"Chimelb, Lanquin, Alta Verapaz, b-GUA001",Guatemala,70%, 
Akesson's Estate,Madagascar,65%,Trinitario
Akesson's Estate,Madagascar,70%,Trinitario
Kokoa Kamili,Tanzania,67%, 
San Juan Estate,Trinidad,70%,Trinitario
Camino Verde,Ecuador,72%, 
Bolivia,Bolivia,72%, 
"Papua New Guinea, triple roast, batch 1",Papua New Guinea,65%, 
"Maranon, batch 2",Peru,67%,Forastero (Nacional)
"Chuao, batch 3",Venezuela,70%,Trinitario
Ghana,Ghana,67%,Forastero
Madagascar,Madagascar,68%,Trinitario
Ecuador,Ecuador,68%, 
"Ecuador, Batch 1",Ecuador,70%, 
Madagascar,Madagascar,72%,Trinitario
"Maranon, Fortunato No. 4",Peru,68%,Forastero (Nacional)
"Castillo, Hispaniola, unroasted",Domincan Republic,85%, 
Solomon Island,Solomon Islands,70%, 
Solomon Island w/ nibs,Solomon Islands,75%, 
Bundibugyo,Uganda,70%,"Forastero, Trinitario"
Sambirano,Madagascar,70%,Trinitario
Amazonas,Venezuela,70%, 
Bolivia,Bolivia,70%, 
San Martin,Peru,70%, 
Wasatch, ,70%,Blend
"Oko Caribe, Duarte P., Collab w Chocosol",Domincan Republic,62%, 
"Sambirano Valley, Black Science, B-60307.0",Madagascar,70%,Trinitario
"Bahia Black, batch bra50722.1",Brazil,70%,Forastero (Parazinho)
"Abstract S. w/ Jamaica nibs,batch abs60323.0","Ven.,Ecu.,Peru,Nic.",75%, 
"Chuno, San Jose de Bocay, Pantasma R.,B.S.",Nicaragua,70%,Trinitario
"Tien Giang, Black S., batch VIT60420.0",Vietnam,70%,Trinitario
"Camino Verde, Black S., batch cvu6030.0",Ecuador,70%, 
CSB Chama,Venezuela,70%,Criollo
Porcelana,Venezuela,75%, 
"La Tronca, Matagalpa",Nicaragua,70%, 
Maranon Canyon,Peru,70%,Forastero (Nacional)
La Dalia,Nicaragua,70%,Trinitario
"Camino Verde P., Balao, Guayas",Ecuador,80%,Forastero (Nacional)
"Espiritu Santo, 'Smoke Monster'",Vanuatu,70%,Forastero (Amelonado)
Little Big Man,Madagascar & Ecuador,70%,Blend
"Rizek Cacao, Domin. Rep.",Dominican Republic,77%,Trinitario
Java,Indonesia,70%,Criollo
"Apurimac, El Quinacho Co-op",Peru,70%,Criollo
"Sangre Grande P., Trinidad",Trinidad,70%,Trinitario
Chef's Blend, ,70%, 
Patanemo,Venezuela,70%,Criollo
Crazy 88,"Guat., D.R., Peru, Mad., PNG",88%, 
"Maracaibo, El Vigia",Venezuela,70%,Criollo
Equator,"Peru, Dom. Rep",67%, 
Orinoco,Venezuela,70%,Forastero
"Bachelor's Hall E., St. Thomas Parish",Jamaica,70%,Trinitario
Noula Coop,Haiti,70%, 
O'ahu,Hawaii,70%, 
"Dual Origins, Sambirano, Elvesia","Dom. Rep., Madagascar",70%,Blend
"Dancing in Your Head, 5 bean blend","Gre., PNG, Haw., Haiti, Mad",70%,Blend
Cahabon Region,Guatemala,70%,Trinitario
Carenero Superior,Venezuela,70%,Trinitario
Eastern Promises,"Mad., Java, PNG",70%,Blend
Papua New Guinea,Papua New Guinea,85%,Trinitario
"Grenada, Black Science",Grenada,70%,Trinitario
"Alto Beni, Wild Bolivian",Bolivia,70%,Nacional
Peruvian,Peru,64%, 
"Three Amigos(Chuao, Wild Bolivia, D.R.)","Ven, Bolivia, D.R.",70%,
"Elvesia P., Black Science",Dominican Republic,70%,Forastero
Chuao,Venezuela,70%,Criollo
Black Science Blend 1,"DR, Ecuador, Peru",70%,"Trinitario, Nacional"
Hispaniola,Dominican Republic,70%,Forastero
Africa,Ghana,70%,Forastero
Conacado,Dominican Republic,70%,Trinitario
Papua New Guinea,Papua New Guinea,70%,Trinitario
Madagascar,Madagascar,70%,Criollo
Ocumare,Venezuela,70%,Criollo
Nicaragua,Nicaragua,70%, 
"Hawaiian, Big Island",Hawaii,70%, 
Dominican Republic,Dominican Republic,70%, 
Madagascar,Madagascar,70%, 
Venezuela,Venezuela,75%, 
Ecuador,Ecuador,75%, 
Papua New Guinea,Papua New Guinea,77%, 
Tanzania,Tanzania,80%, 
AgroCriso Plantation,Dominican Republic,70%, 
AgroCriso Plantation,Dominican Republic,80%, 
AgroCriso Plantation,Dominican Republic,75%, 
Dominican Republic,Dominican Republic,70%, 
Ecuador,Ecuador,70%, 
Peru,Peru,70%, 
"Dominican Republic, lot D82R",Domincan Republic,70%, 
"Ecuador, lot E432314L",Ecuador,70%, 
"Madagascar, lot M0403R",Madagascar,70%, 
Malekula Island,Vanuatu,72%,Trinitario
Alto Beni,Bolivia,70%,Criollo
Dominican Republic,Dominican Republic,70%, 
Dominican Republic,Dominican Republic,84%, 
"Bolivar, Arriba",Ecuador,70%,Forastero (Nacional)
Hispaniola,Domincan Republic,70%, 
Cacao Verapaz,Guatemala,70%, 
Rio Tuma,Nicaragua,70%,Trinitario (Amelonado)
Sambirano Valley,Madagascar,70%,Trinitario
"Bahia, Agri-Forestal Plantation, 2010",Brazil,68%,Trinitario
India,India,72%, 
"Ecuador, Midnight Dark",Ecuador,84%, 
"Ecuador, Twilght Dark",Ecuador,70%, 
"Samar, East Visayas region",Philippines,65%, 
"Samar, East Visayas region",Philippines,70%, 
"Samar, East Visayas region",Philippines,75%, 
Sambirano,Madagascar,67%,Trinitario
Moho Valley,Belize,78%,Trinitario
Peru,Peru,61%,"Criollo, Trinitario"
Peru,Peru,71%,"Criollo, Trinitario"
Venezuela,Venezuela,70%, 
Venezuela,Venezuela,60%, 
Sri Lanka,Sri Lanka,70%,"Criollo, Trinitario"
Nacional,Ecuador,70%, 
Baracoa,Cuba,88%,Trinitario
Ambolikapiky,Madagascar,70%,Trinitario
"Winak, Sumaco",Ecuador,70%,Forastero (Nacional)
"Ben Tre, Mekong Delta",Vietnam,70%,Trinitario
"Fazenda Sempre Firme, Bahia",Brazil,70%,Forastero (Parazinho)
Porcelana,Venezuela,70%,Criollo
Baracoa,Cuba,70%,Trinitario
"Autumn, Primary Harvest, 2012",Madagascar,70%,Criollo
"Spring, Secondary Harvest, 2012",Madagascar,70%,Criollo
Cacao Blanco,Nicaragua,70%, 
Santo Domingo,Dominican Republic,70%, 
Millot Plantation,Madagascar,70%, 
"Ayacucho, ""El Guinacho""",Peru,70%, 
Crudo,Venezuela,70%, 
Costa Rica,Costa Rica,70%, 
Dominican Republic,Dominican Republic,70%, 
"Chiapas, Lacandon Jungle",Mexico,70%, 
Peru,Peru,70%, 
Colombia,Colombia,70%, 
Papua,Papua New Guinea,62%, 
Vietnam,Vietnam,60%,Trinitario
Trinidad,Trinidad,77%,Trinitario
"Paramaribo, batch 20160043-01",Suriname,70%,Trinitario
Belize,Belize,68%,Trinitario
Alto Beni,Bolivia,87%, 
Chiapan,Mexico,75%, 
"Dark, Stone Ground",Dominican Republic,70%, 
West Africa,West Africa,62%,Forastero
Peru- Ecuador,"Peru, Ecuador",99%, 
TCHOPro 60.5, ,60%, 
TCHOPro 68, ,68%, 
Chocolatey-beta,Ghana,70%,Forastero
Fruity-beta,Peru,70%, 
Citrus-beta,Madagascar,70%, 
Nutty-beta,Peru,70%, 
Concepcion,Madagascar,70%, 
Bayou Blend,"Ecuador, Mad., PNG",70%,Blend
Aranama,Papua New Guinea,70%, 
Presidio,Dominican Republic,70%, 
"La Bahia, w/ cane juice",Ecuador,70%, 
Capistrano,Peru,70%, 
"La Bahia, w/ cane sugar",Ecuador,70%, 
San Jose,Bolivia,70%, 
Capistrano*,Madagascar,70%, 
Espada,Mexico,70%, 
Espada,Brazil,70%, 
Concepcion*,Venezuela,80%, 
San Jose,Bolivia,67%, 
"Bahia, Floresta Azul,Good Friends Reserve#3",Brazil,70%,Forastero (Parazinho)
Peru,Peru,70%, 
Belize,Belize,70%,Trinitario
Madagascar,Madagascar,70%,Trinitario
Ecuador,Ecuador,70%, 
Oko Caribe,Domincan Republic,70%, 
Guatemala,Guatemala,70%,Trinitario
Ecuador,Ecuador,77%, 
Madagascar,Madagascar,67%,Trinitario
Uganda,Uganda,73%,Forastero
Peru,Peru,70%, 
Congo w/ nibs,Congo,65%,Forastero
Madagascar,Madagascar,65%,Trinitario
Ivory Coast,Ivory Coast,75%, 
"Ghana, Kumasi",Ghana,84%,Forastero
"Venezuela; Barinos, Merida, Tachron",Venezuela,91%,Blend
"Ghana, Panama, Ecuador","Ghana, Panama, Ecuador",75%,Blend
"Piura Select, Cacao Blanc",Peru,70%, 
"Belize, med roast",Belize,72%,"Trinitario, TCGA"
Manabi,Ecuador,81%,Forastero (Nacional)
"Roxborough, Tobago",Tobago,70%,Trinitario
"Wild Bolivian, Jungle Love",Bolivia,77%,Criollo
Venezuela,Venezuela,72%, 
Dominican Republic,Dominican Republic,74%, 
Conacado,Dominican Republic,72%, 
"Ambanja, Tsara Valley",Madagascar,72%, 
Oko Caribe,Domincan Republic,75%, 
"Cedeno, lot 271",Ecuador,75%, 
Madagascar,Madagascar,75%,Trinitario
Dominican Republic,Dominican Republic,68%, 
Palos Blancos,Bolivia,75%, 
Dominican Republic,Dominican Republic,73%, 
Peru,Peru,60%,Criollo
Dominican Republic,Dominican Republic,63%, 
Matagalpa,Nicaragua,74%, 
Nourish,Dominican Republic,70%, 
"Madagascar, Sassy Bar",Madagascar,72%,Trinitario
"Tanzania, Party Bar",Tanzania,72%, 
"Sur del Lago, Merida",Venezuela,65%,Trinitario
"Piura, Illanka, Quemazon",Peru,63%, 
"Andoa, Grand Cru blend", ,70%, 
"Loma Sotavento, 2013",Dominican Republic,64%, 
"Otucan, Grand Cru",Venezuela,69%, 
Caraque, ,56%, 
"Porcelana, Pedegral",Venezuela,64%,Criollo
Tainori,Dominican Republic,64%, 
Alpaco,Ecuador,66%, 
Nyangbo,Ghana,68%,Forastero
Araguani,"Venezuela, Carribean",72%,Blend
Chuao 2002 P.,Venezuela,65%,Trinitario
Manjari,Madagascar,64%,"Criollo, Trinitario"
Le Noir Extra Amer, ,85%, 
Abinao,West Africa,85%,Forastero
Le Noir Amer,West Africa,71%,Forastero
"Porcelana, Maracaibo, Palmira P. 2006",Venezuela,64%,Criollo (Porcelana)
Caraibe,Carribean,66%,Trinitario
Guanaja,South America,70%,"Criollo, Trinitario"
Gran Couva 2005 P.,Trinidad,64%,Trinitario
"Porcelana, Maracaibo, Palmira P. 2005",Venezuela,64%,Criollo (Porcelana)
"Sambirano, Ampamakia 2005, Millot P.",Madagascar,64%,Trinitario
Manhattan,Ghana,72%,Forastero
Napa,Ghana,65%,Forastero
Madagascar,Madagascar,72%,Trinitario
Madagascar,Madagascar,76%,Trinitario
Madagascar,Madagascar,80%,Trinitario
Madagascar,Madagascar,70%,Trinitario
Madagascar w/ nibs,Madagascar,68%,Trinitario
Madagascar,Madagascar,64%,Trinitario
Palos Blancos,Bolivia,70%, 
Palos Blancos + nibs,Bolivia,70%, 
Dominican Republic,Dominican Republic,90%, 
Trinidad,Trinidad,75%,Trinitario
Mindo,Ecuador,75%, 
Dark,Central and S. America,90%, 
Classic,Central and S. America,70%, 
"Ben Tre, Mekong Delta, MoCay",Vietnam,70%,Trinitario
San Martin,Peru,75%, 
"Los Rios, Rancho Grande 2004/2007",Ecuador,100%,Forastero (Arriba)
"Los Rios, Rancho Grande 2004/2007",Ecuador,90%,Forastero (Arriba)
"Los Rios, Rancho Grande 2004/2007",Ecuador,75%,Forastero (Arriba)
"Los Rios, Rancho Grande 2007",Ecuador,65%,Forastero (Arriba)
Sambirano Valley,Madagascar,77%,Trinitario
Moho River Valley,Belize,77%,"Criollo, Trinitario"
Cuyagua,Venezuela,77%,Criollo
Peru,Peru,77%,"Criollo, Trinitario"
Cahabon,Guatemala,77%,Trinitario
Peru,Peru,70%, 
Ocumare,Venezuela,70%, 
Dominican Republic,Domincan Republic,70%, 
Conacado,Dominican Republic,70%,Trinitario
"Piura Blanco, Norandino",Peru,70%, 
Ghana,Ghana,72%,Forastero
Amazonas,Peru,75%,Criollo
Amazonas,Peru,89%,Criollo
Tumbes,Peru,75%,Criollo
Amazonas w/ nibs,Peru,75%,Criollo
Los Llanos,Colombia,70%, 
Los Llanos,Colombia,88%,Trinitario
"Java, Indonesian Black",Indonesia,100%, 
Sambirano,Madagascar,71%,Trinitario
Hacienda Las Trincheras,Venezuela,72%, 
Java,Indonesia,69%, 
San Martin,Peru,70%, 
Rio Caribe,Venezuela,72%,Trinitario
"Guasare, Zulia Prov., 2015, batch 124",Venezuela,74%,Criollo
"Wild Beniano, 2016, batch 128, Heirloom",Bolivia,76%, 
"Ghana, 2013, batch 129",Ghana,75%, 
"Maranon, Cajamarca",Peru,70%,Forastero (Nacional)
"Camino Verde P., Balao, Guayas",Ecuador,70%, 
Gran Couva,Trinidad,70%,Trinitario
Ecuador,Ecuador,70%, 
Costa Rica,Costa Rica,70%, 
Sambirano,Madagascar,70%,Trinitario
Ocumare,Venezuela,70%, 
La Red,Dominican Republic,70%, 
Hispaniola,Dominican Republic,66%, 
"Sambirano, batch 170102",Madagascar,70%, 
"Hispaniola, batch 170104",Dominican Republic,70%, 
"Papua New Guinea, Batch 2",Papua New Guinea,70%, 
"Dominican Republic, Batch D2",Domincan Republic,70%, 
"Madagascar, Batch 2",Madagascar,70%,Trinitario
"Peru, Batch 1",Peru,70%, 
"Belize, Batch 2",Belize,70%,Trinitario
"House Blend, Batch 2", ,60%, 
"Millot P., Ambanja",Madagascar,70%,"Criollo, Trinitario"
UNOCACE,Ecuador,70%,Nacional (Arriba)
San Juan Estate,Trinidad,85%,Trinitario
"Kakao Kamili, Kilombero Valley",Tanzania,85%,"Criollo, Trinitario"
"Kakao Kamili, Kilombero Valley",Tanzania,70%,"Criollo, Trinitario"
"San Juan Estate, Gran Couva",Trinidad,78%,Trinitario
Guadalcanal,Solomon Islands,78%, 
Goddess Blend, ,65%, 
Alto Beni,Bolivia,68%, 
Tokiala,Papua New Guinea,66%,Trinitario
"Tranquilidad, Baures",Bolivia,72%, 
Raw, ,80%, 
"Bocas del Toro, Cocabo Co-op",Panama,72%, 
Amazonas Frucht, ,65%, 
"Satipo Pangoa region, 16hr conche",Peru,70%,Criollo (Amarru)
"Satipo Pangoa region, 20hr conche",Peru,70%,Criollo (Amarru)
"Loma Los Pinos, Yacao region, D.R.",Dominican Republic,62%, 
El Oro,Ecuador,75%,Forastero (Nacional)
Huiwani Coop,Papua New Guinea,75%,"Criollo, Trinitario"
El Ceibo Coop,Bolivia,90%, 
Santo Domingo,Dominican Republic,70%, 
"Kongo, Highlands",Congo,68%,Forastero
"Indianer, Raw", ,58%, 
Peru,Peru,70%, 
Congo,Congo,65%,Forastero
Kerala State,India,65%,Forastero
Kerala State,India,62%, 
"Brazil, Mitzi Blue",Brazil,65%, 
